plasmid_id,seq_length,circular,longest_len,longest_count,longest_positions,longest_fraction,longest_seq
seq_0,7887,True,13,2,3729;3718,0.001648,CTGGCCTTTTGCT
seq_1,7851,True,13,2,2979;2968,0.001656,CTGGCCTTTTGCT
seq_10,6778,True,16,2,528;567,0.002361,CGCTGATCAGCCTCGA
seq_11,7965,True,13,2,3127;3116,0.001632,CTGGCCTTTTGCT
seq_12,7082,True,13,2,2619;2608,0.001836,CTGGCCTTTTGCT
seq_13,6316,True,13,2,1473;1462,0.002058,CTGGCCTTTTGCT
seq_14,7182,True,14,2,6476;6473,0.001949,CATCATCATCATCA
seq_15,8127,True,13,2,3319;3308,0.001600,CTGGCCTTTTGCT
seq_16,7134,True,14,2,6419;6416,0.001962,CATCATCATCATCA
seq_17,7850,True,14,2,6443;6440,0.001783,CATCATCATCATCA
seq_18,7133,True,14,2,6466;6463,0.001963,CATCATCATCATCA
seq_19,8123,True,13,2,3297;3286,0.001600,CTGGCCTTTTGCT
seq_2,7072,True,13,2,2897;2886,0.001838,CTGGCCTTTTGCT
seq_20,7196,True,14,2,6085;6082,0.001946,CATCATCATCATCA
seq_21,8127,True,13,2,3297;3286,0.001600,CTGGCCTTTTGCT
seq_22,7063,True,14,2,5860;5857,0.001982,CATCATCATCATCA
seq_23,7902,True,13,2,1564;7662,0.001645,AAGAACGTTTTCC
seq_24,7130,True,13,2,2610;2599,0.001823,CTGGCCTTTTGCT
seq_25,7985,True,13,2,3108;3097,0.001628,CTGGCCTTTTGCT
seq_26,7222,True,14,2,36;82,0.001939,CCCTCAAGTGTCAA
seq_27,7893,True,13,2,3044;3033,0.001647,CTGGCCTTTTGCT
seq_28,7139,True,14,2,5973;5970,0.001961,CATCATCATCATCA
seq_29,7951,True,13,2,3106;3095,0.001635,CTGGCCTTTTGCT
seq_3,7944,True,13,2,3106;3095,0.001636,CTGGCCTTTTGCT
seq_30,7085,True,13,2,2836;2825,0.001835,CTGGCCTTTTGCT
seq_31,8002,True,13,2,3120;3109,0.001625,CTGGCCTTTTGCT
seq_32,7154,True,15,2,1050;1053,0.002097,CACCACCACCACCAC
seq_33,8134,True,13,2,3303;3292,0.001598,CTGGCCTTTTGCT
seq_34,7992,True,21,2,656;463,0.002628,ACGGTAAATGGCCCGCCTGGC
seq_35,7947,True,13,2,3119;3108,0.001636,CTGGCCTTTTGCT
seq_36,7049,True,13,2,2313;2302,0.001844,CTGGCCTTTTGCT
seq_37,8141,True,13,2,3297;3286,0.001597,CTGGCCTTTTGCT
seq_38,7171,True,13,2,2939;2928,0.001813,CTGGCCTTTTGCT
seq_39,7956,True,13,2,3138;3127,0.001634,CTGGCCTTTTGCT
seq_4,7077,True,14,2,6171;6168,0.001978,CATCATCATCATCA
seq_40,7131,True,14,2,6068;6065,0.001963,CATCATCATCATCA
seq_41,8174,True,13,2,3297;3286,0.001590,CTGGCCTTTTGCT
seq_42,7143,True,13,2,2812;2801,0.001820,CTGGCCTTTTGCT
seq_43,7978,True,13,2,3113;3102,0.001629,CTGGCCTTTTGCT
seq_44,7122,True,14,2,6265;6262,0.001966,CATCATCATCATCA
seq_45,7967,True,13,2,3111;3100,0.001632,CTGGCCTTTTGCT
seq_46,7110,True,13,2,2586;2575,0.001828,CTGGCCTTTTGCT
seq_47,7964,True,13,2,3106;3095,0.001632,CTGGCCTTTTGCT
seq_48,7092,True,13,2,2723;2712,0.001833,CTGGCCTTTTGCT
seq_49,7952,True,14,2,6556;6553,0.001761,CATCATCATCATCA
seq_5,8131,True,13,2,3297;3286,0.001599,CTGGCCTTTTGCT
seq_50,7066,True,13,2,2451;2440,0.001840,CTGGCCTTTTGCT
seq_51,8105,True,13,2,3297;3286,0.001604,CTGGCCTTTTGCT
seq_52,7105,True,13,2,2684;2673,0.001830,CTGGCCTTTTGCT
seq_53,8126,True,14,2,7866;5391,0.001723,AATCCTGTTTGATG
seq_54,7149,True,14,2,6720;6717,0.001958,CATCATCATCATCA
seq_55,8140,True,13,2,3297;3286,0.001597,CTGGCCTTTTGCT
seq_56,7053,True,13,2,2431;2420,0.001843,CTGGCCTTTTGCT
seq_57,7995,True,14,2,6570;6567,0.001751,CATCATCATCATCA
seq_58,7164,True,14,2,480;1800,0.001954,CGTTGCGCAAACTA
seq_59,8145,True,13,2,3297;3286,0.001596,CTGGCCTTTTGCT
seq_6,7096,True,13,2,2629;2618,0.001832,CTGGCCTTTTGCT
seq_60,7127,True,14,2,6185;6182,0.001964,CATCATCATCATCA
seq_61,8213,True,17,2,6860;993,0.002070,CATCATCATCATCATCA
seq_62,7053,True,13,2,2727;2716,0.001843,CTGGCCTTTTGCT
seq_63,7953,True,13,2,3106;3095,0.001635,CTGGCCTTTTGCT
seq_64,6972,True,14,2,5993;5990,0.002008,CATCATCATCATCA
seq_65,8130,True,13,2,3297;3286,0.001599,CTGGCCTTTTGCT
seq_66,7203,True,14,2,5978;5975,0.001944,CATCATCATCATCA
seq_67,7943,True,13,2,3147;3136,0.001637,CTGGCCTTTTGCT
seq_68,7133,True,14,2,6242;6239,0.001963,CATCATCATCATCA
seq_69,8153,True,13,2,3297;3286,0.001595,CTGGCCTTTTGCT
seq_7,7950,True,14,2,6922;6919,0.001761,CATCATCATCATCA
seq_70,7213,True,16,2,3;2,0.002218,GGGGGGGGGGGGGGGG
seq_71,5111,True,78,2,919;789,0.015261,AGGCATCAAATAAAACGAAAGGCTCAGTCGAAAGACTGGGCCTTTCGTTTTATCTGTTGTTTGTCGGTGAACGCTCTC
seq_72,7088,True,13,2,2353;2342,0.001834,CTGGCCTTTTGCT
seq_73,8129,True,13,2,3297;3286,0.001599,CTGGCCTTTTGCT
seq_74,7092,True,13,2,6073;5953,0.001833,AGCGGATAACAAT
seq_75,8157,True,14,2,6747;6744,0.001716,CATCATCATCATCA
seq_76,6984,True,13,2,2727;2716,0.001861,CTGGCCTTTTGCT
seq_77,7902,True,14,2,6565;6562,0.001772,CATCATCATCATCA
seq_78,7430,True,13,2,3250;3239,0.001750,CTGGCCTTTTGCT
seq_79,7984,True,14,2,6575;6572,0.001754,CATCATCATCATCA
seq_8,7120,True,13,2,2955;2944,0.001826,CTGGCCTTTTGCT
seq_80,7114,True,14,2,5878;5875,0.001968,CATCATCATCATCA
seq_81,7992,True,14,2,6556;6553,0.001752,CATCATCATCATCA
seq_82,7148,True,14,2,5912;5909,0.001959,CATCATCATCATCA
seq_83,7901,True,13,2,3044;3033,0.001645,CTGGCCTTTTGCT
seq_84,7354,True,13,2,2775;2764,0.001768,CTGGCCTTTTGCT
seq_85,8181,True,13,2,3297;3286,0.001589,CTGGCCTTTTGCT
seq_86,7093,True,13,2,2713;2702,0.001833,CTGGCCTTTTGCT
seq_87,8135,True,13,2,7959;3056,0.001598,AGCTATGAGAAAG
seq_88,7070,True,13,2,2609;2598,0.001839,CTGGCCTTTTGCT
seq_89,8154,True,14,2,6747;6744,0.001717,CATCATCATCATCA
seq_9,8118,True,13,2,3297;3286,0.001601,CTGGCCTTTTGCT
seq_90,7102,True,13,2,3112;3101,0.001830,CTGGCCTTTTGCT
seq_91,8140,True,13,2,3297;3286,0.001597,CTGGCCTTTTGCT
seq_92,7103,True,13,2,2934;2923,0.001830,CTGGCCTTTTGCT
seq_93,7991,True,14,2,6618;6615,0.001752,CATCATCATCATCA
seq_94,7221,True,13,2,3066;3055,0.001800,CTGGCCTTTTGCT
seq_95,8146,True,13,2,3297;3286,0.001596,CTGGCCTTTTGCT
seq_96,7086,True,13,2,2630;2619,0.001835,CTGGCCTTTTGCT
seq_97,8153,True,13,2,3297;3286,0.001595,CTGGCCTTTTGCT
seq_98,7071,True,13,2,2626;2615,0.001838,CTGGCCTTTTGCT
seq_99,8151,True,14,2,6747;6744,0.001718,CATCATCATCATCA
